GEOID,county_type
06003,census_only
06015,census_only
06023,census_only
06027,census_only
01079,census_only
01129,census_only
04012,census_only
30015,census_only
30041,census_only
35035,census_only
35053,census_only
35055,census_only
36033,census_only
37075,census_only
37093,census_only
37099,census_only
38053,census_only
19171,census_only
37165,census_only
37173,census_only
37185,census_only
38071,census_only
51036,census_only
55053,census_only
26153,census_only
27017,census_only
27031,census_only
55113,census_only
55115,census_only
55125,census_only
27095,census_only
22085,census_only
22109,census_only
30073,census_only
30071,census_only
31031,census_only
53009,census_only
16011,census_only
46015,census_only
46009,census_only
28099,census_only
28079,census_only
28101,census_only
31107,census_only
46037,census_only
46065,census_only
46047,census_only
46053,census_only
46069,census_only
53047,census_only
53065,census_only
26013,census_only
26033,census_only
26095,census_only
26097,census_only
46101,census_only
46103,census_only
46117,census_only
46123,census_only
46129,census_only
31161,census_only
32007,census_only
32021,census_only
55007,census_only
55003,census_only
55041,census_only
16061,reservation_only
40065,reservation_only
40073,reservation_only
40027,reservation_only
40057,reservation_only
49051,reservation_only
41065,reservation_only
53077,reservation_only
40055,reservation_only
40141,reservation_only
30089,reservation_only
40045,reservation_only
40017,reservation_only
40009,reservation_only
35061,reservation_only
26073,reservation_only
35001,reservation_only
56017,reservation_only
40149,reservation_only
08007,reservation_only
40109,reservation_only
04019,reservation_only
49013,reservation_only
08067,census_reservation
08083,census_reservation
04009,census_reservation
04007,census_reservation
04005,census_reservation
04021,census_reservation
30047,census_reservation
35039,census_reservation
35043,census_reservation
38025,census_reservation
20013,census_reservation
38055,census_reservation
38061,census_reservation
20085,census_reservation
40061,census_reservation
40063,census_reservation
40067,census_reservation
40069,census_reservation
40071,census_reservation
40087,census_reservation
40085,census_reservation
40077,census_reservation
40079,census_reservation
40081,census_reservation
40089,census_reservation
40091,census_reservation
40095,census_reservation
40097,census_reservation
40099,census_reservation
40101,census_reservation
40103,census_reservation
40121,census_reservation
40105,census_reservation
40107,census_reservation
40111,census_reservation
40113,census_reservation
40115,census_reservation
40117,census_reservation
40137,census_reservation
40123,census_reservation
40125,census_reservation
40127,census_reservation
40129,census_reservation
40131,census_reservation
40133,census_reservation
40135,census_reservation
40143,census_reservation
40145,census_reservation
40147,census_reservation
41031,census_reservation
49047,census_reservation
40011,census_reservation
40005,census_reservation
40013,census_reservation
40015,census_reservation
40023,census_reservation
40029,census_reservation
40031,census_reservation
40019,census_reservation
40033,census_reservation
40035,census_reservation
40037,census_reservation
40039,census_reservation
40041,census_reservation
40043,census_reservation
40049,census_reservation
40051,census_reservation
40075,census_reservation
27007,census_reservation
27005,census_reservation
27021,census_reservation
27029,census_reservation
56013,census_reservation
30105,census_reservation
53019,census_reservation
16009,census_reservation
46023,census_reservation
16069,census_reservation
46091,census_reservation
30087,cluster_census
37155,cluster_census
38079,cluster_census
04001,all_class
04017,all_class
27087,all_class
30003,all_class
30005,all_class
30035,all_class
30085,all_class
31173,all_class
35006,all_class
35031,all_class
35045,all_class
38005,all_class
38085,all_class
40001,all_class
40021,all_class
46007,all_class
46017,all_class
46031,all_class
46041,all_class
46071,all_class
46085,all_class
46095,all_class
46109,all_class
46113,all_class
46121,all_class
46137,all_class
49037,all_class
55078,all_class
05131,non-AI
05133,non-AI
05135,non-AI
05137,non-AI
05139,non-AI
05141,non-AI
05143,non-AI
05145,non-AI
05149,non-AI
06011,non-AI
06007,non-AI
06001,non-AI
06005,non-AI
06009,non-AI
06013,non-AI
06031,non-AI
06021,non-AI
06025,non-AI
06017,non-AI
06019,non-AI
06029,non-AI
06043,non-AI
06033,non-AI
06035,non-AI
06037,non-AI
06039,non-AI
06041,non-AI
06059,non-AI
06045,non-AI
06047,non-AI
06049,non-AI
06051,non-AI
06053,non-AI
06055,non-AI
06057,non-AI
06071,non-AI
06067,non-AI
06069,non-AI
06061,non-AI
06063,non-AI
06065,non-AI
01001,non-AI
01007,non-AI
01017,non-AI
01019,non-AI
01025,non-AI
01013,non-AI
01009,non-AI
01011,non-AI
01021,non-AI
01023,non-AI
01037,non-AI
01027,non-AI
01029,non-AI
01031,non-AI
01035,non-AI
01033,non-AI
01053,non-AI
01039,non-AI
01041,non-AI
01043,non-AI
01045,non-AI
01047,non-AI
01049,non-AI
01051,non-AI
01065,non-AI
01055,non-AI
01057,non-AI
01059,non-AI
01061,non-AI
01063,non-AI
01081,non-AI
01067,non-AI
01069,non-AI
01071,non-AI
01073,non-AI
01075,non-AI
01077,non-AI
01099,non-AI
01083,non-AI
01085,non-AI
01087,non-AI
01089,non-AI
01091,non-AI
01093,non-AI
01097,non-AI
01095,non-AI
01115,non-AI
01101,non-AI
01103,non-AI
01105,non-AI
01107,non-AI
01109,non-AI
01111,non-AI
01113,non-AI
01127,non-AI
01117,non-AI
01119,non-AI
01121,non-AI
01123,non-AI
01125,non-AI
01131,non-AI
01133,non-AI
08023,non-AI
08025,non-AI
08027,non-AI
08029,non-AI
08031,non-AI
08035,non-AI
08033,non-AI
08049,non-AI
08039,non-AI
08041,non-AI
08043,non-AI
08045,non-AI
08047,non-AI
08069,non-AI
08051,non-AI
08053,non-AI
08055,non-AI
08057,non-AI
08059,non-AI
08061,non-AI
08063,non-AI
08065,non-AI
08071,non-AI
08087,non-AI
08073,non-AI
08075,non-AI
08077,non-AI
08079,non-AI
08081,non-AI
08085,non-AI
08099,non-AI
08089,non-AI
08091,non-AI
08093,non-AI
08095,non-AI
08097,non-AI
08111,non-AI
08107,non-AI
08109,non-AI
08101,non-AI
08103,non-AI
08105,non-AI
09001,non-AI
08113,non-AI
08115,non-AI
08117,non-AI
08119,non-AI
08121,non-AI
08123,non-AI
08125,non-AI
09005,non-AI
09003,non-AI
09007,non-AI
09015,non-AI
10001,non-AI
09009,non-AI
09011,non-AI
09013,non-AI
10005,non-AI
11001,non-AI
10003,non-AI
12009,non-AI
12015,non-AI
12001,non-AI
12005,non-AI
12007,non-AI
12011,non-AI
12027,non-AI
12003,non-AI
12013,non-AI
12017,non-AI
12019,non-AI
12021,non-AI
12029,non-AI
12023,non-AI
12041,non-AI
12031,non-AI
12033,non-AI
12035,non-AI
12037,non-AI
12039,non-AI
12057,non-AI
12043,non-AI
12045,non-AI
12047,non-AI
12049,non-AI
12051,non-AI
12053,non-AI
12055,non-AI
12069,non-AI
12065,non-AI
12067,non-AI
12059,non-AI
12061,non-AI
12063,non-AI
12085,non-AI
12071,non-AI
12073,non-AI
12075,non-AI
12077,non-AI
12079,non-AI
12081,non-AI
12083,non-AI
12101,non-AI
12086,non-AI
12087,non-AI
12089,non-AI
12097,non-AI
12099,non-AI
12091,non-AI
12093,non-AI
12095,non-AI
12117,non-AI
12103,non-AI
12105,non-AI
12107,non-AI
12109,non-AI
12111,non-AI
12113,non-AI
12115,non-AI
12129,non-AI
12119,non-AI
12121,non-AI
04003,non-AI
04023,non-AI
04011,non-AI
04013,non-AI
04015,non-AI
05015,non-AI
04025,non-AI
04027,non-AI
05001,non-AI
05011,non-AI
05009,non-AI
05003,non-AI
05005,non-AI
05007,non-AI
05013,non-AI
05017,non-AI
05029,non-AI
05019,non-AI
05021,non-AI
05023,non-AI
05025,non-AI
05027,non-AI
05041,non-AI
05031,non-AI
05033,non-AI
05035,non-AI
05037,non-AI
05039,non-AI
05057,non-AI
05043,non-AI
05045,non-AI
05051,non-AI
05047,non-AI
05049,non-AI
05053,non-AI
05055,non-AI
05069,non-AI
05059,non-AI
05061,non-AI
05063,non-AI
05065,non-AI
05067,non-AI
05091,non-AI
05071,non-AI
05073,non-AI
05075,non-AI
05077,non-AI
05079,non-AI
05087,non-AI
05089,non-AI
05081,non-AI
05083,non-AI
05085,non-AI
05103,non-AI
05093,non-AI
05095,non-AI
05097,non-AI
05099,non-AI
05101,non-AI
05109,non-AI
05105,non-AI
05107,non-AI
13011,non-AI
13013,non-AI
13017,non-AI
13039,non-AI
13023,non-AI
13009,non-AI
13005,non-AI
13007,non-AI
13021,non-AI
13015,non-AI
13019,non-AI
13027,non-AI
13029,non-AI
13031,non-AI
13033,non-AI
13035,non-AI
13037,non-AI
13053,non-AI
13043,non-AI
13045,non-AI
13047,non-AI
13049,non-AI
13051,non-AI
13069,non-AI
13055,non-AI
13057,non-AI
13059,non-AI
13061,non-AI
13063,non-AI
13065,non-AI
13067,non-AI
13081,non-AI
13077,non-AI
13079,non-AI
13071,non-AI
13073,non-AI
13075,non-AI
13093,non-AI
13083,non-AI
13085,non-AI
13087,non-AI
13089,non-AI
13091,non-AI
13109,non-AI
13095,non-AI
13097,non-AI
13099,non-AI
13101,non-AI
13103,non-AI
13105,non-AI
13107,non-AI
06077,non-AI
13111,non-AI
13113,non-AI
13115,non-AI
13117,non-AI
13119,non-AI
06073,non-AI
06075,non-AI
06093,non-AI
06079,non-AI
06081,non-AI
06083,non-AI
06085,non-AI
06087,non-AI
06089,non-AI
06091,non-AI
06115,non-AI
06095,non-AI
06097,non-AI
06099,non-AI
06101,non-AI
06103,non-AI
06105,non-AI
06111,non-AI
06113,non-AI
06107,non-AI
06109,non-AI
08011,non-AI
08001,non-AI
08005,non-AI
08009,non-AI
08003,non-AI
08021,non-AI
08013,non-AI
08014,non-AI
08015,non-AI
08017,non-AI
08019,non-AI
08037,non-AI
05123,non-AI
05147,non-AI
05115,non-AI
05119,non-AI
01003,non-AI
01005,non-AI
01015,non-AI
05111,non-AI
05113,non-AI
05117,non-AI
05121,non-AI
05125,non-AI
05127,non-AI
05129,non-AI
29181,non-AI
29183,non-AI
29203,non-AI
29186,non-AI
29187,non-AI
29189,non-AI
29195,non-AI
29197,non-AI
29199,non-AI
29201,non-AI
29215,non-AI
29205,non-AI
29207,non-AI
29209,non-AI
29211,non-AI
29213,non-AI
29217,non-AI
29219,non-AI
29221,non-AI
29223,non-AI
29225,non-AI
29227,non-AI
29229,non-AI
29510,non-AI
30001,non-AI
30007,non-AI
30021,non-AI
30011,non-AI
30009,non-AI
30013,non-AI
30023,non-AI
30025,non-AI
30027,non-AI
30017,non-AI
30019,non-AI
30039,non-AI
30029,non-AI
30031,non-AI
30033,non-AI
30037,non-AI
36037,non-AI
36039,non-AI
36051,non-AI
30043,non-AI
30045,non-AI
36043,non-AI
36041,non-AI
36045,non-AI
36047,non-AI
36049,non-AI
36063,non-AI
36053,non-AI
36055,non-AI
36057,non-AI
36059,non-AI
36061,non-AI
36079,non-AI
36065,non-AI
36067,non-AI
36069,non-AI
36071,non-AI
36073,non-AI
36077,non-AI
36075,non-AI
36091,non-AI
36081,non-AI
36083,non-AI
36085,non-AI
36087,non-AI
36089,non-AI
36107,non-AI
36093,non-AI
36095,non-AI
36097,non-AI
36099,non-AI
36101,non-AI
36103,non-AI
36105,non-AI
36115,non-AI
36109,non-AI
36111,non-AI
36113,non-AI
36117,non-AI
36119,non-AI
36121,non-AI
36123,non-AI
37007,non-AI
37011,non-AI
37003,non-AI
37015,non-AI
37013,non-AI
37005,non-AI
37001,non-AI
37009,non-AI
37017,non-AI
18061,non-AI
18073,non-AI
18059,non-AI
37019,non-AI
37021,non-AI
37023,non-AI
18063,non-AI
18065,non-AI
18067,non-AI
18069,non-AI
18071,non-AI
18089,non-AI
18075,non-AI
18077,non-AI
18079,non-AI
18087,non-AI
18085,non-AI
18081,non-AI
18083,non-AI
12123,non-AI
12125,non-AI
12127,non-AI
13001,non-AI
13025,non-AI
13003,non-AI
12131,non-AI
12133,non-AI
29071,non-AI
29077,non-AI
29061,non-AI
29057,non-AI
29059,non-AI
29063,non-AI
29069,non-AI
29065,non-AI
29073,non-AI
29075,non-AI
29067,non-AI
29099,non-AI
29079,non-AI
29081,non-AI
29083,non-AI
29091,non-AI
29093,non-AI
29041,non-AI
29085,non-AI
29087,non-AI
29089,non-AI
29095,non-AI
29097,non-AI
29111,non-AI
29101,non-AI
29103,non-AI
29105,non-AI
29107,non-AI
29109,non-AI
29123,non-AI
29113,non-AI
29115,non-AI
29117,non-AI
29119,non-AI
29121,non-AI
29139,non-AI
29131,non-AI
29129,non-AI
29133,non-AI
29125,non-AI
29127,non-AI
29135,non-AI
29137,non-AI
29151,non-AI
29141,non-AI
29143,non-AI
29145,non-AI
29147,non-AI
29149,non-AI
29153,non-AI
29155,non-AI
29157,non-AI
29159,non-AI
29161,non-AI
29163,non-AI
29165,non-AI
34041,non-AI
35005,non-AI
34033,non-AI
34035,non-AI
34037,non-AI
34039,non-AI
35003,non-AI
35019,non-AI
35007,non-AI
35009,non-AI
35011,non-AI
35013,non-AI
35015,non-AI
35017,non-AI
35033,non-AI
35021,non-AI
35023,non-AI
35025,non-AI
35027,non-AI
35028,non-AI
35029,non-AI
35051,non-AI
35037,non-AI
35041,non-AI
35047,non-AI
35049,non-AI
36001,non-AI
35057,non-AI
35059,non-AI
36009,non-AI
36011,non-AI
36029,non-AI
36007,non-AI
36003,non-AI
36005,non-AI
36013,non-AI
36015,non-AI
36017,non-AI
36019,non-AI
36021,non-AI
36023,non-AI
36025,non-AI
36027,non-AI
36031,non-AI
36035,non-AI
17165,non-AI
17151,non-AI
17153,non-AI
17155,non-AI
17157,non-AI
17159,non-AI
17161,non-AI
17163,non-AI
17167,non-AI
17169,non-AI
17177,non-AI
17179,non-AI
17173,non-AI
17175,non-AI
17193,non-AI
17181,non-AI
17171,non-AI
17183,non-AI
17185,non-AI
17187,non-AI
17189,non-AI
17191,non-AI
17195,non-AI
17197,non-AI
17199,non-AI
17201,non-AI
17203,non-AI
18015,non-AI
18005,non-AI
18001,non-AI
18003,non-AI
18007,non-AI
18009,non-AI
18011,non-AI
18013,non-AI
18039,non-AI
18017,non-AI
18019,non-AI
18021,non-AI
18023,non-AI
18025,non-AI
18027,non-AI
18029,non-AI
18031,non-AI
18033,non-AI
18035,non-AI
18037,non-AI
18049,non-AI
18041,non-AI
18043,non-AI
18045,non-AI
18051,non-AI
18047,non-AI
29167,non-AI
29185,non-AI
18053,non-AI
18055,non-AI
18057,non-AI
29169,non-AI
29171,non-AI
29173,non-AI
29177,non-AI
29175,non-AI
29179,non-AI
37079,non-AI
37069,non-AI
37071,non-AI
37073,non-AI
37077,non-AI
37091,non-AI
37087,non-AI
37089,non-AI
37081,non-AI
37083,non-AI
37085,non-AI
37107,non-AI
37095,non-AI
37097,non-AI
37101,non-AI
37103,non-AI
37105,non-AI
37129,non-AI
37109,non-AI
37113,non-AI
37115,non-AI
37117,non-AI
37119,non-AI
37123,non-AI
37121,non-AI
37125,non-AI
37127,non-AI
48023,non-AI
37111,non-AI
37131,non-AI
37133,non-AI
37135,non-AI
48001,non-AI
48007,non-AI
48003,non-AI
48005,non-AI
48009,non-AI
48011,non-AI
48015,non-AI
48017,non-AI
48019,non-AI
48021,non-AI
48013,non-AI
47179,non-AI
47187,non-AI
47181,non-AI
47183,non-AI
47189,non-AI
48025,non-AI
48027,non-AI
48031,non-AI
48035,non-AI
48039,non-AI
48043,non-AI
48045,non-AI
48047,non-AI
48029,non-AI
48041,non-AI
48033,non-AI
48037,non-AI
48051,non-AI
48049,non-AI
48069,non-AI
48059,non-AI
48053,non-AI
48055,non-AI
48057,non-AI
48061,non-AI
48063,non-AI
48065,non-AI
48067,non-AI
48085,non-AI
48071,non-AI
48073,non-AI
48075,non-AI
48077,non-AI
48079,non-AI
48081,non-AI
48083,non-AI
48087,non-AI
48089,non-AI
48091,non-AI
48093,non-AI
48095,non-AI
48097,non-AI
48103,non-AI
48099,non-AI
18171,non-AI
18173,non-AI
18175,non-AI
18177,non-AI
18179,non-AI
18181,non-AI
18183,non-AI
19001,non-AI
19017,non-AI
19005,non-AI
19003,non-AI
19013,non-AI
19011,non-AI
19009,non-AI
19007,non-AI
19015,non-AI
19019,non-AI
19035,non-AI
19021,non-AI
19023,non-AI
19025,non-AI
19027,non-AI
19029,non-AI
19031,non-AI
19033,non-AI
19047,non-AI
19037,non-AI
19039,non-AI
19041,non-AI
19043,non-AI
19045,non-AI
38009,non-AI
38007,non-AI
38015,non-AI
38017,non-AI
38031,non-AI
38021,non-AI
38023,non-AI
38027,non-AI
38029,non-AI
48101,non-AI
48105,non-AI
48107,non-AI
48119,non-AI
38033,non-AI
38035,non-AI
38037,non-AI
38039,non-AI
38041,non-AI
38047,non-AI
38051,non-AI
48109,non-AI
48111,non-AI
48113,non-AI
48115,non-AI
48117,non-AI
48131,non-AI
48121,non-AI
48123,non-AI
48125,non-AI
48127,non-AI
48129,non-AI
48147,non-AI
48139,non-AI
48137,non-AI
48141,non-AI
48133,non-AI
48135,non-AI
48143,non-AI
48145,non-AI
48159,non-AI
48149,non-AI
48151,non-AI
48153,non-AI
48155,non-AI
48157,non-AI
48173,non-AI
48161,non-AI
48163,non-AI
48165,non-AI
48167,non-AI
48169,non-AI
48175,non-AI
48171,non-AI
48187,non-AI
48177,non-AI
48179,non-AI
48181,non-AI
48183,non-AI
48185,non-AI
48203,non-AI
48189,non-AI
48191,non-AI
48193,non-AI
48195,non-AI
48197,non-AI
48199,non-AI
48201,non-AI
48211,non-AI
48213,non-AI
48205,non-AI
48207,non-AI
48209,non-AI
19119,non-AI
19099,non-AI
19101,non-AI
19103,non-AI
19111,non-AI
19113,non-AI
19105,non-AI
19107,non-AI
19109,non-AI
19115,non-AI
19117,non-AI
19131,non-AI
19121,non-AI
19123,non-AI
19125,non-AI
19127,non-AI
19129,non-AI
19143,non-AI
19133,non-AI
19135,non-AI
19137,non-AI
19139,non-AI
19141,non-AI
19163,non-AI
19145,non-AI
19147,non-AI
19149,non-AI
19151,non-AI
19153,non-AI
19155,non-AI
19157,non-AI
19159,non-AI
19165,non-AI
19161,non-AI
19181,non-AI
19167,non-AI
19169,non-AI
19173,non-AI
19175,non-AI
19177,non-AI
19179,non-AI
19193,non-AI
19183,non-AI
19185,non-AI
19187,non-AI
19189,non-AI
19191,non-AI
38049,non-AI
38043,non-AI
19063,non-AI
19049,non-AI
19051,non-AI
19057,non-AI
19053,non-AI
19055,non-AI
19059,non-AI
19061,non-AI
19075,non-AI
19065,non-AI
19067,non-AI
19069,non-AI
19071,non-AI
19073,non-AI
19091,non-AI
19077,non-AI
19079,non-AI
19081,non-AI
19083,non-AI
19085,non-AI
19087,non-AI
19089,non-AI
37141,non-AI
19093,non-AI
19095,non-AI
19097,non-AI
37137,non-AI
37139,non-AI
37153,non-AI
37143,non-AI
37145,non-AI
37147,non-AI
37149,non-AI
37151,non-AI
37169,non-AI
37161,non-AI
37159,non-AI
37163,non-AI
37157,non-AI
37167,non-AI
37181,non-AI
37171,non-AI
37175,non-AI
37177,non-AI
37179,non-AI
37195,non-AI
37183,non-AI
37187,non-AI
37189,non-AI
37191,non-AI
37197,non-AI
37193,non-AI
37199,non-AI
38011,non-AI
38019,non-AI
38001,non-AI
38003,non-AI
38013,non-AI
18101,non-AI
18091,non-AI
18093,non-AI
18095,non-AI
18097,non-AI
18099,non-AI
18113,non-AI
18103,non-AI
18105,non-AI
18107,non-AI
18109,non-AI
18111,non-AI
18129,non-AI
18115,non-AI
18117,non-AI
18119,non-AI
18121,non-AI
18123,non-AI
18127,non-AI
18125,non-AI
18141,non-AI
18131,non-AI
18133,non-AI
18135,non-AI
18137,non-AI
18139,non-AI
18157,non-AI
18143,non-AI
18145,non-AI
18147,non-AI
18149,non-AI
18151,non-AI
18153,non-AI
18155,non-AI
18169,non-AI
18165,non-AI
18167,non-AI
18159,non-AI
18161,non-AI
18163,non-AI
37039,non-AI
37025,non-AI
37027,non-AI
37029,non-AI
37031,non-AI
37033,non-AI
37035,non-AI
37037,non-AI
37049,non-AI
37041,non-AI
37043,non-AI
37045,non-AI
37051,non-AI
37047,non-AI
37067,non-AI
37053,non-AI
37055,non-AI
37057,non-AI
37059,non-AI
37061,non-AI
37063,non-AI
37065,non-AI
39081,non-AI
39099,non-AI
39085,non-AI
39087,non-AI
39089,non-AI
39097,non-AI
39095,non-AI
39091,non-AI
39093,non-AI
39111,non-AI
39101,non-AI
39103,non-AI
39105,non-AI
39107,non-AI
39109,non-AI
39127,non-AI
39113,non-AI
39115,non-AI
39117,non-AI
39119,non-AI
39121,non-AI
39123,non-AI
39125,non-AI
39139,non-AI
39129,non-AI
39131,non-AI
39133,non-AI
39135,non-AI
39137,non-AI
39151,non-AI
39141,non-AI
39143,non-AI
39145,non-AI
39147,non-AI
39149,non-AI
48327,non-AI
48333,non-AI
39153,non-AI
39155,non-AI
39161,non-AI
39157,non-AI
39159,non-AI
39163,non-AI
39165,non-AI
48329,non-AI
48331,non-AI
48345,non-AI
48335,non-AI
48337,non-AI
48339,non-AI
48341,non-AI
48343,non-AI
48367,non-AI
48347,non-AI
48349,non-AI
48351,non-AI
48353,non-AI
48355,non-AI
48357,non-AI
48359,non-AI
48361,non-AI
48365,non-AI
48363,non-AI
48379,non-AI
48369,non-AI
48371,non-AI
48373,non-AI
48375,non-AI
48377,non-AI
48395,non-AI
48381,non-AI
48383,non-AI
48385,non-AI
48387,non-AI
48389,non-AI
48391,non-AI
48393,non-AI
48407,non-AI
48397,non-AI
48399,non-AI
48401,non-AI
48403,non-AI
48405,non-AI
48429,non-AI
48409,non-AI
48411,non-AI
48413,non-AI
48415,non-AI
48417,non-AI
48419,non-AI
48421,non-AI
48423,non-AI
48427,non-AI
48425,non-AI
48431,non-AI
48433,non-AI
48435,non-AI
48437,non-AI
20123,non-AI
20125,non-AI
20129,non-AI
20131,non-AI
20147,non-AI
20133,non-AI
20135,non-AI
20137,non-AI
20139,non-AI
20141,non-AI
20143,non-AI
20145,non-AI
20159,non-AI
20149,non-AI
20151,non-AI
20153,non-AI
20155,non-AI
20157,non-AI
20175,non-AI
20167,non-AI
20165,non-AI
20169,non-AI
20161,non-AI
20163,non-AI
20171,non-AI
20173,non-AI
20187,non-AI
20177,non-AI
20179,non-AI
38045,non-AI
38065,non-AI
19195,non-AI
19197,non-AI
20001,non-AI
20011,non-AI
20005,non-AI
20003,non-AI
20007,non-AI
38057,non-AI
38059,non-AI
38063,non-AI
38081,non-AI
38067,non-AI
38069,non-AI
38073,non-AI
38075,non-AI
38077,non-AI
38093,non-AI
38083,non-AI
38087,non-AI
38089,non-AI
38091,non-AI
38105,non-AI
38101,non-AI
38103,non-AI
38095,non-AI
38097,non-AI
38099,non-AI
39013,non-AI
39003,non-AI
39001,non-AI
39007,non-AI
39005,non-AI
39009,non-AI
39015,non-AI
39011,non-AI
39017,non-AI
39019,non-AI
39021,non-AI
39037,non-AI
39023,non-AI
39025,non-AI
39027,non-AI
39029,non-AI
39031,non-AI
39033,non-AI
39035,non-AI
39049,non-AI
39039,non-AI
39041,non-AI
39043,non-AI
39047,non-AI
39045,non-AI
48215,non-AI
48231,non-AI
39051,non-AI
39053,non-AI
48217,non-AI
48219,non-AI
48221,non-AI
48223,non-AI
48225,non-AI
48227,non-AI
48229,non-AI
48249,non-AI
48233,non-AI
48235,non-AI
48237,non-AI
48245,non-AI
48247,non-AI
48239,non-AI
48241,non-AI
48243,non-AI
48265,non-AI
48251,non-AI
48253,non-AI
48255,non-AI
48257,non-AI
48259,non-AI
48261,non-AI
48263,non-AI
48277,non-AI
48267,non-AI
48269,non-AI
48271,non-AI
48273,non-AI
48275,non-AI
48293,non-AI
48279,non-AI
48281,non-AI
48283,non-AI
48285,non-AI
48287,non-AI
48289,non-AI
48291,non-AI
48303,non-AI
48295,non-AI
48297,non-AI
48299,non-AI
48305,non-AI
48301,non-AI
48317,non-AI
48307,non-AI
48309,non-AI
48311,non-AI
48313,non-AI
48315,non-AI
48319,non-AI
48321,non-AI
48323,non-AI
48325,non-AI
20009,non-AI
20017,non-AI
20015,non-AI
20051,non-AI
20027,non-AI
20025,non-AI
20029,non-AI
20019,non-AI
20021,non-AI
20023,non-AI
20031,non-AI
20033,non-AI
20035,non-AI
20037,non-AI
20039,non-AI
20041,non-AI
20043,non-AI
20047,non-AI
20049,non-AI
20063,non-AI
20053,non-AI
20055,non-AI
20057,non-AI
20059,non-AI
20061,non-AI
20045,non-AI
20065,non-AI
20067,non-AI
20069,non-AI
20071,non-AI
20073,non-AI
20075,non-AI
20077,non-AI
20079,non-AI
20087,non-AI
20081,non-AI
20083,non-AI
20089,non-AI
20091,non-AI
20107,non-AI
20093,non-AI
20095,non-AI
20097,non-AI
20099,non-AI
20101,non-AI
20103,non-AI
20105,non-AI
20119,non-AI
20109,non-AI
20111,non-AI
20113,non-AI
20115,non-AI
20117,non-AI
39055,non-AI
39083,non-AI
20127,non-AI
20121,non-AI
39057,non-AI
39059,non-AI
39061,non-AI
39063,non-AI
39065,non-AI
39067,non-AI
39069,non-AI
39071,non-AI
39073,non-AI
39075,non-AI
39077,non-AI
39079,non-AI
40083,non-AI
48439,non-AI
48441,non-AI
48451,non-AI
40093,non-AI
48443,non-AI
48445,non-AI
48447,non-AI
48449,non-AI
48463,non-AI
48453,non-AI
48455,non-AI
48457,non-AI
48459,non-AI
48461,non-AI
48479,non-AI
48465,non-AI
48467,non-AI
48469,non-AI
48471,non-AI
48473,non-AI
48475,non-AI
48477,non-AI
48491,non-AI
48487,non-AI
48489,non-AI
48481,non-AI
48483,non-AI
48485,non-AI
48503,non-AI
48493,non-AI
48495,non-AI
48497,non-AI
48499,non-AI
48501,non-AI
48505,non-AI
48507,non-AI
49001,non-AI
49003,non-AI
49007,non-AI
49009,non-AI
49023,non-AI
49011,non-AI
49005,non-AI
49015,non-AI
49017,non-AI
49019,non-AI
49021,non-AI
49039,non-AI
49025,non-AI
49027,non-AI
49033,non-AI
49029,non-AI
49031,non-AI
49035,non-AI
49041,non-AI
21139,non-AI
21163,non-AI
51059,non-AI
51061,non-AI
51063,non-AI
51065,non-AI
51067,non-AI
51069,non-AI
21141,non-AI
21143,non-AI
21145,non-AI
21153,non-AI
21155,non-AI
21157,non-AI
21147,non-AI
21149,non-AI
21151,non-AI
21159,non-AI
21161,non-AI
21179,non-AI
21165,non-AI
21167,non-AI
21169,non-AI
21171,non-AI
21173,non-AI
21175,non-AI
21177,non-AI
21189,non-AI
21181,non-AI
21183,non-AI
21185,non-AI
21191,non-AI
21187,non-AI
21207,non-AI
21193,non-AI
21195,non-AI
21197,non-AI
21199,non-AI
21201,non-AI
21203,non-AI
21205,non-AI
21219,non-AI
21209,non-AI
21211,non-AI
21213,non-AI
21215,non-AI
21217,non-AI
21239,non-AI
21221,non-AI
21223,non-AI
21225,non-AI
21227,non-AI
21229,non-AI
21231,non-AI
21233,non-AI
21235,non-AI
22001,non-AI
21237,non-AI
41061,non-AI
41063,non-AI
42007,non-AI
22007,non-AI
22003,non-AI
22005,non-AI
22011,non-AI
41067,non-AI
41069,non-AI
41071,non-AI
42001,non-AI
21023,non-AI
21037,non-AI
21029,non-AI
21031,non-AI
21033,non-AI
21039,non-AI
21035,non-AI
21055,non-AI
21041,non-AI
21043,non-AI
21045,non-AI
21047,non-AI
21049,non-AI
21051,non-AI
21053,non-AI
21067,non-AI
21057,non-AI
21059,non-AI
21061,non-AI
21063,non-AI
21065,non-AI
21083,non-AI
21069,non-AI
21071,non-AI
21073,non-AI
21077,non-AI
21075,non-AI
21079,non-AI
21081,non-AI
21095,non-AI
21085,non-AI
21087,non-AI
21089,non-AI
21091,non-AI
21093,non-AI
21117,non-AI
21097,non-AI
21099,non-AI
21101,non-AI
21103,non-AI
21105,non-AI
21107,non-AI
21109,non-AI
21111,non-AI
21115,non-AI
21113,non-AI
21129,non-AI
21119,non-AI
21121,non-AI
21123,non-AI
21125,non-AI
21127,non-AI
21131,non-AI
21133,non-AI
21135,non-AI
21137,non-AI
40119,non-AI
40139,non-AI
41017,non-AI
40151,non-AI
40153,non-AI
41001,non-AI
41003,non-AI
41005,non-AI
41007,non-AI
41009,non-AI
41011,non-AI
41013,non-AI
41015,non-AI
41019,non-AI
41021,non-AI
41023,non-AI
41039,non-AI
41025,non-AI
41027,non-AI
41029,non-AI
41035,non-AI
41037,non-AI
41033,non-AI
41051,non-AI
41041,non-AI
41043,non-AI
41045,non-AI
41047,non-AI
41049,non-AI
49043,non-AI
49045,non-AI
49057,non-AI
41053,non-AI
41055,non-AI
41057,non-AI
41059,non-AI
49049,non-AI
49053,non-AI
49055,non-AI
50015,non-AI
50001,non-AI
50003,non-AI
50005,non-AI
50007,non-AI
50009,non-AI
50011,non-AI
50013,non-AI
50025,non-AI
50017,non-AI
50019,non-AI
50021,non-AI
50027,non-AI
50023,non-AI
51025,non-AI
51027,non-AI
51023,non-AI
51001,non-AI
51003,non-AI
51005,non-AI
51007,non-AI
51009,non-AI
51011,non-AI
51013,non-AI
51017,non-AI
51021,non-AI
51015,non-AI
51019,non-AI
51043,non-AI
51029,non-AI
51031,non-AI
51033,non-AI
51035,non-AI
51037,non-AI
51041,non-AI
51057,non-AI
51045,non-AI
51047,non-AI
51049,non-AI
51051,non-AI
51053,non-AI
20181,non-AI
20183,non-AI
20185,non-AI
20209,non-AI
20189,non-AI
20191,non-AI
20193,non-AI
20195,non-AI
20197,non-AI
20199,non-AI
20201,non-AI
20203,non-AI
20207,non-AI
20205,non-AI
21011,non-AI
21003,non-AI
21007,non-AI
21013,non-AI
21005,non-AI
21001,non-AI
21009,non-AI
21015,non-AI
21019,non-AI
21021,non-AI
21017,non-AI
39167,non-AI
21025,non-AI
21027,non-AI
39169,non-AI
39171,non-AI
39173,non-AI
39175,non-AI
40003,non-AI
40007,non-AI
40025,non-AI
40047,non-AI
40059,non-AI
40053,non-AI
55045,non-AI
55047,non-AI
55049,non-AI
55051,non-AI
17039,non-AI
17041,non-AI
17057,non-AI
34021,non-AI
34023,non-AI
34025,non-AI
26125,non-AI
55057,non-AI
55059,non-AI
26111,non-AI
26113,non-AI
26115,non-AI
26117,non-AI
26119,non-AI
26121,non-AI
26123,non-AI
26137,non-AI
26127,non-AI
26129,non-AI
26131,non-AI
26133,non-AI
26135,non-AI
26139,non-AI
26141,non-AI
26143,non-AI
26145,non-AI
26147,non-AI
26149,non-AI
26151,non-AI
26163,non-AI
26155,non-AI
26157,non-AI
26159,non-AI
26165,non-AI
26161,non-AI
27013,non-AI
27015,non-AI
27011,non-AI
27001,non-AI
27003,non-AI
27009,non-AI
27027,non-AI
27019,non-AI
27023,non-AI
27025,non-AI
27043,non-AI
27033,non-AI
27035,non-AI
27037,non-AI
27039,non-AI
27041,non-AI
47057,non-AI
47065,non-AI
47073,non-AI
34027,non-AI
34029,non-AI
17043,non-AI
17045,non-AI
17053,non-AI
17055,non-AI
17047,non-AI
17049,non-AI
17051,non-AI
17069,non-AI
17059,non-AI
17061,non-AI
17063,non-AI
17065,non-AI
17067,non-AI
17091,non-AI
17071,non-AI
17073,non-AI
17075,non-AI
17077,non-AI
17079,non-AI
17081,non-AI
17083,non-AI
17085,non-AI
17087,non-AI
17089,non-AI
17099,non-AI
17101,non-AI
17103,non-AI
17113,non-AI
17093,non-AI
17095,non-AI
17097,non-AI
17105,non-AI
17107,non-AI
17109,non-AI
17111,non-AI
17125,non-AI
17115,non-AI
17117,non-AI
17119,non-AI
17121,non-AI
17123,non-AI
17141,non-AI
17127,non-AI
17129,non-AI
17131,non-AI
17137,non-AI
17139,non-AI
17133,non-AI
17135,non-AI
17149,non-AI
17143,non-AI
17145,non-AI
17147,non-AI
42003,non-AI
42005,non-AI
42009,non-AI
42013,non-AI
42011,non-AI
42057,non-AI
42015,non-AI
42017,non-AI
42025,non-AI
42027,non-AI
42029,non-AI
42021,non-AI
42023,non-AI
42035,non-AI
42039,non-AI
42041,non-AI
42043,non-AI
42045,non-AI
42047,non-AI
42049,non-AI
42051,non-AI
42053,non-AI
42055,non-AI
42019,non-AI
42031,non-AI
42033,non-AI
42037,non-AI
42069,non-AI
42059,non-AI
42061,non-AI
42063,non-AI
42065,non-AI
42067,non-AI
42091,non-AI
42071,non-AI
42073,non-AI
42075,non-AI
42077,non-AI
42079,non-AI
42081,non-AI
42087,non-AI
42089,non-AI
42083,non-AI
42085,non-AI
51071,non-AI
51073,non-AI
51085,non-AI
42093,non-AI
42095,non-AI
42097,non-AI
42099,non-AI
51077,non-AI
51075,non-AI
51079,non-AI
51081,non-AI
51083,non-AI
51101,non-AI
51087,non-AI
51089,non-AI
51091,non-AI
47075,non-AI
47095,non-AI
27045,non-AI
27047,non-AI
27049,non-AI
27057,non-AI
27051,non-AI
27053,non-AI
47081,non-AI
47083,non-AI
47085,non-AI
47087,non-AI
47089,non-AI
47091,non-AI
47093,non-AI
47071,non-AI
47079,non-AI
47117,non-AI
47097,non-AI
47099,non-AI
47101,non-AI
47103,non-AI
47105,non-AI
47107,non-AI
47111,non-AI
47109,non-AI
47113,non-AI
47115,non-AI
47129,non-AI
47119,non-AI
47121,non-AI
47123,non-AI
47125,non-AI
47127,non-AI
47151,non-AI
47131,non-AI
47133,non-AI
47135,non-AI
47137,non-AI
47139,non-AI
47141,non-AI
47143,non-AI
47145,non-AI
47149,non-AI
47147,non-AI
47163,non-AI
47153,non-AI
47155,non-AI
47157,non-AI
47159,non-AI
47161,non-AI
47175,non-AI
47177,non-AI
47185,non-AI
55061,non-AI
55071,non-AI
47165,non-AI
47167,non-AI
47169,non-AI
47171,non-AI
47173,non-AI
55067,non-AI
51093,non-AI
51095,non-AI
51097,non-AI
51099,non-AI
51113,non-AI
51103,non-AI
51105,non-AI
51107,non-AI
51109,non-AI
51111,non-AI
51133,non-AI
51115,non-AI
51117,non-AI
51119,non-AI
51121,non-AI
51125,non-AI
51127,non-AI
51131,non-AI
51145,non-AI
51135,non-AI
51137,non-AI
51139,non-AI
51143,non-AI
51141,non-AI
51159,non-AI
51147,non-AI
51149,non-AI
51153,non-AI
51155,non-AI
51157,non-AI
51175,non-AI
51161,non-AI
51163,non-AI
51165,non-AI
51167,non-AI
51169,non-AI
51171,non-AI
51173,non-AI
51187,non-AI
51177,non-AI
51179,non-AI
51181,non-AI
51183,non-AI
51185,non-AI
55069,non-AI
55063,non-AI
55065,non-AI
55081,non-AI
55073,non-AI
55075,non-AI
55077,non-AI
55079,non-AI
55093,non-AI
55083,non-AI
55085,non-AI
55087,non-AI
55089,non-AI
55091,non-AI
55109,non-AI
55095,non-AI
55097,non-AI
55099,non-AI
55101,non-AI
55103,non-AI
55105,non-AI
55107,non-AI
55131,non-AI
55111,non-AI
55117,non-AI
55119,non-AI
55121,non-AI
55123,non-AI
55127,non-AI
55129,non-AI
56001,non-AI
55133,non-AI
55135,non-AI
55137,non-AI
55139,non-AI
55141,non-AI
56023,non-AI
56003,non-AI
56005,non-AI
56007,non-AI
56009,non-AI
56011,non-AI
56015,non-AI
56019,non-AI
56021,non-AI
13121,non-AI
13149,non-AI
56025,non-AI
56027,non-AI
13123,non-AI
13125,non-AI
13133,non-AI
13135,non-AI
13127,non-AI
13131,non-AI
13139,non-AI
22009,non-AI
22013,non-AI
22023,non-AI
22015,non-AI
22017,non-AI
22019,non-AI
22021,non-AI
22035,non-AI
22025,non-AI
22027,non-AI
22029,non-AI
22031,non-AI
22033,non-AI
22057,non-AI
22037,non-AI
13141,non-AI
13143,non-AI
13145,non-AI
13147,non-AI
13171,non-AI
13151,non-AI
13153,non-AI
13155,non-AI
13159,non-AI
13161,non-AI
13163,non-AI
13165,non-AI
13167,non-AI
13169,non-AI
13129,non-AI
13137,non-AI
13157,non-AI
13193,non-AI
13173,non-AI
13175,non-AI
13177,non-AI
13179,non-AI
13181,non-AI
13183,non-AI
13185,non-AI
13187,non-AI
13189,non-AI
13191,non-AI
13207,non-AI
13195,non-AI
13197,non-AI
13199,non-AI
13201,non-AI
13205,non-AI
13219,non-AI
13209,non-AI
13211,non-AI
13213,non-AI
13215,non-AI
13217,non-AI
27055,non-AI
27059,non-AI
27061,non-AI
27071,non-AI
13221,non-AI
13223,non-AI
13231,non-AI
13233,non-AI
13225,non-AI
13227,non-AI
13229,non-AI
27063,non-AI
27065,non-AI
27067,non-AI
27069,non-AI
27083,non-AI
27073,non-AI
27075,non-AI
27077,non-AI
27079,non-AI
27081,non-AI
22039,non-AI
22041,non-AI
22049,non-AI
22051,non-AI
22043,non-AI
22045,non-AI
22047,non-AI
22053,non-AI
22055,non-AI
22069,non-AI
22059,non-AI
22061,non-AI
22063,non-AI
22065,non-AI
22067,non-AI
22091,non-AI
22071,non-AI
22073,non-AI
22075,non-AI
22077,non-AI
22079,non-AI
22081,non-AI
22083,non-AI
22089,non-AI
22087,non-AI
22103,non-AI
22093,non-AI
22095,non-AI
22097,non-AI
22099,non-AI
22101,non-AI
22119,non-AI
22105,non-AI
22107,non-AI
22111,non-AI
22113,non-AI
22115,non-AI
22117,non-AI
42101,non-AI
42103,non-AI
42129,non-AI
22127,non-AI
42105,non-AI
42107,non-AI
42109,non-AI
42111,non-AI
42113,non-AI
42115,non-AI
42117,non-AI
42119,non-AI
42121,non-AI
42123,non-AI
42125,non-AI
42131,non-AI
42127,non-AI
45009,non-AI
42133,non-AI
44001,non-AI
27085,non-AI
27089,non-AI
27091,non-AI
27093,non-AI
27115,non-AI
27097,non-AI
27099,non-AI
27101,non-AI
27103,non-AI
27105,non-AI
27107,non-AI
27109,non-AI
27111,non-AI
27117,non-AI
27113,non-AI
27133,non-AI
27119,non-AI
27121,non-AI
27123,non-AI
27125,non-AI
27127,non-AI
27129,non-AI
27131,non-AI
27145,non-AI
27135,non-AI
27137,non-AI
27139,non-AI
27141,non-AI
27143,non-AI
27157,non-AI
27147,non-AI
27149,non-AI
27151,non-AI
27153,non-AI
27155,non-AI
30049,non-AI
30061,non-AI
27159,non-AI
27161,non-AI
27163,non-AI
27165,non-AI
27167,non-AI
30057,non-AI
30059,non-AI
30051,non-AI
30053,non-AI
30055,non-AI
30063,non-AI
30065,non-AI
30067,non-AI
30069,non-AI
30075,non-AI
30077,non-AI
30079,non-AI
30081,non-AI
30083,non-AI
44003,non-AI
44005,non-AI
44007,non-AI
44009,non-AI
45001,non-AI
45005,non-AI
45007,non-AI
45021,non-AI
45011,non-AI
45013,non-AI
45015,non-AI
45017,non-AI
45019,non-AI
45003,non-AI
45037,non-AI
45023,non-AI
45025,non-AI
45027,non-AI
45033,non-AI
45035,non-AI
45029,non-AI
45031,non-AI
45049,non-AI
45039,non-AI
45041,non-AI
45043,non-AI
45045,non-AI
45047,non-AI
45065,non-AI
45051,non-AI
45053,non-AI
45055,non-AI
45057,non-AI
45059,non-AI
45061,non-AI
45063,non-AI
51550,non-AI
45073,non-AI
51191,non-AI
51193,non-AI
51195,non-AI
51197,non-AI
51199,non-AI
51530,non-AI
51540,non-AI
51510,non-AI
51515,non-AI
51520,non-AI
51610,non-AI
51570,non-AI
51580,non-AI
51590,non-AI
51595,non-AI
51600,non-AI
51690,non-AI
51620,non-AI
51630,non-AI
51640,non-AI
51650,non-AI
30101,non-AI
30091,non-AI
30093,non-AI
30095,non-AI
30097,non-AI
30099,non-AI
31013,non-AI
30103,non-AI
30107,non-AI
30109,non-AI
30111,non-AI
31001,non-AI
31009,non-AI
31011,non-AI
31015,non-AI
31005,non-AI
31003,non-AI
31007,non-AI
31017,non-AI
31021,non-AI
31023,non-AI
31027,non-AI
31025,non-AI
31019,non-AI
31039,non-AI
31029,non-AI
31033,non-AI
31035,non-AI
31037,non-AI
56029,non-AI
13235,non-AI
13257,non-AI
31041,non-AI
31043,non-AI
31045,non-AI
31047,non-AI
56031,non-AI
56033,non-AI
56035,non-AI
56037,non-AI
56039,non-AI
56041,non-AI
56045,non-AI
56043,non-AI
51660,non-AI
51670,non-AI
51678,non-AI
51680,non-AI
51685,non-AI
51683,non-AI
51740,non-AI
51700,non-AI
51710,non-AI
51720,non-AI
51730,non-AI
51735,non-AI
51820,non-AI
51750,non-AI
51760,non-AI
51770,non-AI
51775,non-AI
51790,non-AI
51800,non-AI
51810,non-AI
53017,non-AI
53003,non-AI
53007,non-AI
53005,non-AI
51830,non-AI
51840,non-AI
53001,non-AI
53011,non-AI
53013,non-AI
53015,non-AI
53021,non-AI
53023,non-AI
13237,non-AI
13239,non-AI
13241,non-AI
13243,non-AI
13245,non-AI
13247,non-AI
13249,non-AI
13251,non-AI
13253,non-AI
13255,non-AI
13275,non-AI
13259,non-AI
13261,non-AI
13263,non-AI
13271,non-AI
13273,non-AI
13265,non-AI
13267,non-AI
13269,non-AI
13291,non-AI
13277,non-AI
13279,non-AI
13281,non-AI
13283,non-AI
13285,non-AI
13287,non-AI
13289,non-AI
13303,non-AI
23001,non-AI
23003,non-AI
23009,non-AI
22121,non-AI
22123,non-AI
22125,non-AI
23005,non-AI
23007,non-AI
23025,non-AI
23011,non-AI
23013,non-AI
23015,non-AI
23017,non-AI
23019,non-AI
23021,non-AI
23023,non-AI
24017,non-AI
23027,non-AI
23029,non-AI
23031,non-AI
24001,non-AI
24003,non-AI
24005,non-AI
24015,non-AI
24013,non-AI
24009,non-AI
13293,non-AI
13295,non-AI
13297,non-AI
13299,non-AI
13301,non-AI
13319,non-AI
13311,non-AI
13313,non-AI
13305,non-AI
13307,non-AI
13309,non-AI
13315,non-AI
13317,non-AI
13321,non-AI
27173,non-AI
16007,non-AI
16001,non-AI
16003,non-AI
16005,non-AI
16013,non-AI
27169,non-AI
27171,non-AI
28011,non-AI
28001,non-AI
28003,non-AI
28005,non-AI
28007,non-AI
28009,non-AI
28027,non-AI
28013,non-AI
28015,non-AI
28017,non-AI
28019,non-AI
28021,non-AI
28023,non-AI
28025,non-AI
28055,non-AI
28029,non-AI
28031,non-AI
28033,non-AI
28069,non-AI
28065,non-AI
28035,non-AI
28037,non-AI
28039,non-AI
28041,non-AI
28043,non-AI
28045,non-AI
28047,non-AI
28049,non-AI
28051,non-AI
28053,non-AI
28063,non-AI
28067,non-AI
28071,non-AI
24011,non-AI
24029,non-AI
24019,non-AI
24021,non-AI
24023,non-AI
24025,non-AI
24027,non-AI
24045,non-AI
24031,non-AI
24033,non-AI
24035,non-AI
24037,non-AI
24039,non-AI
24041,non-AI
24043,non-AI
25005,non-AI
24047,non-AI
24510,non-AI
25001,non-AI
25007,non-AI
25003,non-AI
25023,non-AI
25009,non-AI
25011,non-AI
25013,non-AI
25015,non-AI
25017,non-AI
25019,non-AI
25021,non-AI
45075,non-AI
45077,non-AI
45089,non-AI
25025,non-AI
45067,non-AI
45069,non-AI
45071,non-AI
45079,non-AI
45081,non-AI
45083,non-AI
45085,non-AI
45087,non-AI
45091,non-AI
46003,non-AI
46011,non-AI
46013,non-AI
46005,non-AI
46027,non-AI
46019,non-AI
46021,non-AI
46025,non-AI
46043,non-AI
46029,non-AI
46033,non-AI
46035,non-AI
28073,non-AI
28095,non-AI
28057,non-AI
28059,non-AI
28061,non-AI
28103,non-AI
28075,non-AI
28077,non-AI
28081,non-AI
28083,non-AI
28085,non-AI
28087,non-AI
28089,non-AI
28091,non-AI
28093,non-AI
28097,non-AI
28105,non-AI
31049,non-AI
31051,non-AI
31067,non-AI
31053,non-AI
31055,non-AI
31063,non-AI
31065,non-AI
31057,non-AI
31059,non-AI
31061,non-AI
31079,non-AI
31069,non-AI
31071,non-AI
31073,non-AI
31075,non-AI
31077,non-AI
31095,non-AI
31081,non-AI
31083,non-AI
31085,non-AI
31087,non-AI
31089,non-AI
31091,non-AI
31093,non-AI
31097,non-AI
31099,non-AI
31101,non-AI
31103,non-AI
31105,non-AI
31129,non-AI
31109,non-AI
31111,non-AI
31113,non-AI
31115,non-AI
31117,non-AI
31119,non-AI
31121,non-AI
31123,non-AI
31127,non-AI
31125,non-AI
31141,non-AI
46039,non-AI
46045,non-AI
46049,non-AI
46051,non-AI
46055,non-AI
46061,non-AI
46063,non-AI
46057,non-AI
46059,non-AI
46077,non-AI
46067,non-AI
46073,non-AI
46075,non-AI
46089,non-AI
46079,non-AI
46081,non-AI
46083,non-AI
46087,non-AI
53039,non-AI
53025,non-AI
53027,non-AI
53029,non-AI
53031,non-AI
53033,non-AI
53035,non-AI
53041,non-AI
53037,non-AI
53057,non-AI
53043,non-AI
53045,non-AI
53049,non-AI
53051,non-AI
53053,non-AI
53055,non-AI
53069,non-AI
53059,non-AI
53061,non-AI
53063,non-AI
53067,non-AI
54013,non-AI
53075,non-AI
54001,non-AI
53071,non-AI
53073,non-AI
54005,non-AI
54003,non-AI
54007,non-AI
54011,non-AI
54009,non-AI
54029,non-AI
31131,non-AI
31133,non-AI
31135,non-AI
31137,non-AI
31139,non-AI
31157,non-AI
31143,non-AI
31145,non-AI
31147,non-AI
31149,non-AI
31151,non-AI
31153,non-AI
31155,non-AI
16015,non-AI
16033,non-AI
31163,non-AI
54015,non-AI
54017,non-AI
54019,non-AI
54021,non-AI
54023,non-AI
54025,non-AI
54027,non-AI
54041,non-AI
54031,non-AI
54033,non-AI
54035,non-AI
54037,non-AI
54039,non-AI
16021,non-AI
16017,non-AI
16019,non-AI
16023,non-AI
16025,non-AI
16027,non-AI
16029,non-AI
16031,non-AI
16049,non-AI
16035,non-AI
16037,non-AI
16039,non-AI
16041,non-AI
16043,non-AI
16045,non-AI
16047,non-AI
16051,non-AI
16053,non-AI
16055,non-AI
16057,non-AI
16059,non-AI
16083,non-AI
16063,non-AI
16065,non-AI
16067,non-AI
16071,non-AI
16079,non-AI
16081,non-AI
16073,non-AI
16075,non-AI
16077,non-AI
17023,non-AI
16085,non-AI
16087,non-AI
17001,non-AI
17019,non-AI
17021,non-AI
17013,non-AI
17017,non-AI
17015,non-AI
17003,non-AI
17007,non-AI
17005,non-AI
17011,non-AI
17009,non-AI
25027,non-AI
26001,non-AI
26009,non-AI
54043,non-AI
54045,non-AI
54047,non-AI
54049,non-AI
54051,non-AI
54053,non-AI
54059,non-AI
54055,non-AI
26005,non-AI
26003,non-AI
26007,non-AI
26011,non-AI
26041,non-AI
26015,non-AI
26017,non-AI
26019,non-AI
26021,non-AI
26023,non-AI
26025,non-AI
26027,non-AI
26029,non-AI
26031,non-AI
26035,non-AI
26037,non-AI
26039,non-AI
26045,non-AI
26043,non-AI
26047,non-AI
26063,non-AI
26049,non-AI
26051,non-AI
26053,non-AI
26055,non-AI
26057,non-AI
26059,non-AI
26061,non-AI
26075,non-AI
26065,non-AI
26067,non-AI
26069,non-AI
26071,non-AI
17035,non-AI
17025,non-AI
17027,non-AI
17029,non-AI
17031,non-AI
17033,non-AI
28143,non-AI
17037,non-AI
28107,non-AI
28109,non-AI
28111,non-AI
28149,non-AI
28153,non-AI
28145,non-AI
28141,non-AI
28113,non-AI
28115,non-AI
28117,non-AI
28119,non-AI
28121,non-AI
28123,non-AI
28125,non-AI
28127,non-AI
28129,non-AI
28131,non-AI
28133,non-AI
28135,non-AI
28137,non-AI
28139,non-AI
28147,non-AI
28151,non-AI
28155,non-AI
28157,non-AI
29007,non-AI
29025,non-AI
29023,non-AI
29027,non-AI
29031,non-AI
29029,non-AI
29003,non-AI
29001,non-AI
29005,non-AI
29009,non-AI
28159,non-AI
28161,non-AI
28163,non-AI
29019,non-AI
29017,non-AI
29021,non-AI
29037,non-AI
29013,non-AI
29011,non-AI
29015,non-AI
29033,non-AI
29035,non-AI
29039,non-AI
29043,non-AI
29055,non-AI
29045,non-AI
29047,non-AI
29049,non-AI
29051,non-AI
26091,non-AI
26077,non-AI
26079,non-AI
26081,non-AI
26083,non-AI
26085,non-AI
26087,non-AI
26089,non-AI
26109,non-AI
26093,non-AI
26099,non-AI
26101,non-AI
26103,non-AI
26107,non-AI
26105,non-AI
46093,non-AI
46105,non-AI
46097,non-AI
46099,non-AI
46107,non-AI
46111,non-AI
46115,non-AI
46119,non-AI
46125,non-AI
46127,non-AI
46135,non-AI
47021,non-AI
47007,non-AI
47009,non-AI
47011,non-AI
47019,non-AI
47017,non-AI
47001,non-AI
47003,non-AI
47005,non-AI
47013,non-AI
47015,non-AI
47033,non-AI
47023,non-AI
47025,non-AI
47027,non-AI
47029,non-AI
47031,non-AI
47045,non-AI
47035,non-AI
47037,non-AI
47039,non-AI
47041,non-AI
29053,non-AI
31175,non-AI
31165,non-AI
31167,non-AI
31169,non-AI
31171,non-AI
31159,non-AI
32003,non-AI
31177,non-AI
31179,non-AI
31181,non-AI
31183,non-AI
31185,non-AI
32005,non-AI
32001,non-AI
32017,non-AI
32009,non-AI
32011,non-AI
32013,non-AI
32015,non-AI
32510,non-AI
32019,non-AI
32023,non-AI
32027,non-AI
32029,non-AI
32031,non-AI
32033,non-AI
33011,non-AI
33007,non-AI
33009,non-AI
33001,non-AI
33003,non-AI
33005,non-AI
34007,non-AI
33019,non-AI
34001,non-AI
33013,non-AI
33015,non-AI
33017,non-AI
34003,non-AI
34005,non-AI
34019,non-AI
34009,non-AI
34011,non-AI
34013,non-AI
34015,non-AI
34017,non-AI
34031,non-AI
47043,non-AI
54057,non-AI
54061,non-AI
54063,non-AI
54081,non-AI
47047,non-AI
47049,non-AI
47051,non-AI
47053,non-AI
47055,non-AI
47059,non-AI
47061,non-AI
47063,non-AI
47067,non-AI
47069,non-AI
47077,non-AI
54065,non-AI
54067,non-AI
54069,non-AI
54071,non-AI
54073,non-AI
54075,non-AI
54077,non-AI
54079,non-AI
54097,non-AI
54083,non-AI
54085,non-AI
54087,non-AI
54089,non-AI
54091,non-AI
54093,non-AI
54095,non-AI
54109,non-AI
54099,non-AI
54101,non-AI
54103,non-AI
54105,non-AI
54107,non-AI
55015,non-AI
55011,non-AI
55013,non-AI
55005,non-AI
55009,non-AI
55001,non-AI
55027,non-AI
55017,non-AI
55019,non-AI
55021,non-AI
55023,non-AI
55025,non-AI
55043,non-AI
55029,non-AI
55031,non-AI
55033,non-AI
55035,non-AI
55037,non-AI
55039,non-AI
55055,non-AI
